{"dataURL":"file:\/\/\/Users\/chakming\/Desktop\/Chess\/","id":"175EA270-1C8D-4215-8862-504B57009F77","createdDate":"2021-05-16T15:22:10Z","title":"Chess","modifiedDate":"2021-05-16T15:22:30Z","preferredFilename":"Chess","version":"1.0","dataResult":{"dataURL":"file:\/\/\/Users\/chakming\/Desktop\/Chess\/"},"activityEntities":["dataSourceTrainingStarted",[{"id":"A600CEEE-5A90-4DF7-84E9-89C874F0D3DC","title":"Used By","createdDate":"2021-05-16T15:22:30Z","event":"dataSourceTrainingStarted","subtitle":"ChessClassifier 1"}],"dataSourceMetrics",[{"id":"4A0180E9-0C22-456B-8BFF-B675A4EB36D6","title":"Data Summary","createdDate":"2021-05-16T15:22:30Z","event":"dataSourceMetrics","subtitle":"6 Classes, 553 Items"}],"dataSourceCreated",[{"id":"7FD1B43B-5D15-4FC6-B6CB-32E85624C04B","title":"Data Source Created","createdDate":"2021-05-16T15:22:10Z","event":"dataSourceCreated","subtitle":"Chess"}]],"pathType":0,"experimentIDs":["5ADE8F23-E751-414C-B7D6-D015E8BC2927"]}