{"id":"5ADE8F23-E751-414C-B7D6-D015E8BC2927","validationEntity":{"analysedDataType":"auto","dataResult":{}},"modelEntity":{"createdDate":"2021-05-16T15:21:02Z","id":"3774998F-3286-45F7-9063-9F88EFDE2D4B","experimentID":"5ADE8F23-E751-414C-B7D6-D015E8BC2927","title":"","modifiedDate":"2021-05-16T15:21:02Z","preferredFilename":"","version":"1.0","modelURL":"Models\/ChessClassifier%201.mlmodel"},"version":"1.0","settingEntity":{"taskType":"imageClassifier","augmentations":[],"styleTransferAlgorithmType":"image","iterationCount":25,"transferLearningEmbeddingType":"dynamic","harVideoAugmentations":0,"algorithmType":"maxEnt","seedType":"default","featureNames":[]},"state":"trained","trainingEntity":{"finishTime":"2021-05-16T15:23:24Z","recipeTrainingResults":{"imageClassifier":{"confusionMatrix":[{"expected":"Bishop","actual":"Bishop","count":48},{"expected":"King","actual":"Bishop","count":12},{"expected":"Pawn","actual":"Bishop","count":10},{"expected":"Queen","actual":"Bishop","count":10},{"expected":"Bishop","actual":"King","count":6},{"expected":"King","actual":"King","count":51},{"expected":"Pawn","actual":"King","count":1},{"expected":"Queen","actual":"King","count":4},{"expected":"Rook","actual":"King","count":6},{"expected":"Bishop","actual":"Knight","count":5},{"expected":"Knight","actual":"Knight","count":95},{"expected":"Bishop","actual":"Pawn","count":9},{"expected":"Knight","actual":"Pawn","count":2},{"expected":"Pawn","actual":"Pawn","count":78},{"expected":"Queen","actual":"Pawn","count":6},{"expected":"Rook","actual":"Pawn","count":1},{"expected":"Bishop","actual":"Queen","count":11},{"expected":"King","actual":"Queen","count":9},{"expected":"Pawn","actual":"Queen","count":3},{"expected":"Queen","actual":"Queen","count":47},{"expected":"Rook","actual":"Queen","count":6},{"expected":"Bishop","actual":"Rook","count":10},{"expected":"King","actual":"Rook","count":2},{"expected":"Pawn","actual":"Rook","count":1},{"expected":"Queen","actual":"Rook","count":4},{"expected":"Rook","actual":"Rook","count":83}],"statsByLabel":{"Knight":{"count":100,"precisionRecall":{"success":{"recall":0.94999999999999996,"precision":0.97938144329896903}}},"Queen":{"count":76,"precisionRecall":{"success":{"recall":0.61842105263157898,"precision":0.6619718309859155}}},"Rook":{"count":100,"precisionRecall":{"success":{"recall":0.82999999999999996,"precision":0.86458333333333337}}},"Bishop":{"count":80,"precisionRecall":{"success":{"recall":0.59999999999999998,"precision":0.5393258426966292}}},"Pawn":{"count":96,"precisionRecall":{"success":{"recall":0.8125,"precision":0.83870967741935487}}},"King":{"count":68,"precisionRecall":{"success":{"recall":0.75,"precision":0.68918918918918914}}}},"accuracy":0.77307692307692311}},"dataResult":{"itemsCount":553,"dataURL":"file:\/\/\/Users\/chakming\/Desktop\/Chess\/","classesCount":6,"dataSourceID":"175EA270-1C8D-4215-8862-504B57009F77","analysis":{"summary":{"sampleCount":553,"classCount":6,"canUseValidation":1},"issues":[{"description":"6 classes found, including Knight, Pawn, Rook","severity":"debug"},{"description":"553 images found, automatically creating validation set","severity":"good"},{"description":"Smallest class is \"King\" with 75 images","severity":"debug"},{"description":"Largest class is \"Knight\" with 106 images","severity":"debug"}],"classifierAnalysis":{"columns":[],"vizualizerSpec":"","labelStats":{"Rook":102,"Queen":77,"Bishop":87,"King":75,"Pawn":106,"Knight":106}}}},"dataURL":"file:\/\/\/Users\/chakming\/Desktop\/Chess\/","featureExtractionCheckpointMayBeAvailable":false,"recipeValidationResults":{"imageClassifier":{"confusionMatrix":[{"expected":"Bishop","actual":"Bishop","count":4},{"expected":"Pawn","actual":"Bishop","count":2},{"expected":"Queen","actual":"Bishop","count":1},{"expected":"Bishop","actual":"King","count":3},{"expected":"King","actual":"King","count":2},{"expected":"Pawn","actual":"King","count":1},{"expected":"Queen","actual":"King","count":1},{"expected":"Knight","actual":"Knight","count":6},{"expected":"Bishop","actual":"Pawn","count":2},{"expected":"Pawn","actual":"Pawn","count":6},{"expected":"Rook","actual":"Pawn","count":2},{"expected":"King","actual":"Queen","count":1},{"expected":"Rook","actual":"Rook","count":2}],"statsByLabel":{"Knight":{"count":6,"precisionRecall":{"success":{"recall":1,"precision":1}}},"King":{"count":7,"precisionRecall":{"success":{"recall":0.2857142857142857,"precision":0.66666666666666663}}},"Rook":{"count":2,"precisionRecall":{"success":{"recall":1,"precision":0.5}}},"Bishop":{"count":7,"precisionRecall":{"success":{"recall":0.5714285714285714,"precision":0.44444444444444442}}},"Pawn":{"count":10,"precisionRecall":{"success":{"recall":0.59999999999999998,"precision":0.66666666666666663}}},"Queen":{"count":1,"precisionRecall":{"success":{"recall":0,"precision":0}}}},"accuracy":0.60606060606060608}},"progress":[{"currentRowIndex":0,"tableIndex":0,"count":0,"isLast":false,"percentComplete":0,"tableDone":false},{"icTrainingColumnHeader":{"hasValidation":true,"elapsedTime":1.0698220000000001,"trainingAccuracy":0.467308,"iterationCount":1,"validationAccuracy":0.36363600000000001},"isLast":false,"currentRowIndex":0,"count":1,"tableDone":false,"tableIndex":111,"percentComplete":0},{"icTrainingColumnHeader":{"hasValidation":true,"elapsedTime":1.181335,"trainingAccuracy":0.47115400000000002,"iterationCount":2,"validationAccuracy":0.33333299999999999},"isLast":false,"currentRowIndex":0,"count":2,"tableDone":false,"tableIndex":111,"percentComplete":0},{"icTrainingColumnHeader":{"hasValidation":true,"elapsedTime":1.2359059999999999,"trainingAccuracy":0.55961499999999997,"iterationCount":3,"validationAccuracy":0.54545500000000002},"isLast":false,"currentRowIndex":0,"count":3,"tableDone":false,"tableIndex":111,"percentComplete":0},{"icTrainingColumnHeader":{"hasValidation":true,"elapsedTime":1.2991250000000001,"trainingAccuracy":0.584615,"iterationCount":4,"validationAccuracy":0.42424200000000001},"isLast":false,"currentRowIndex":0,"count":4,"tableDone":false,"tableIndex":111,"percentComplete":0},{"icTrainingColumnHeader":{"hasValidation":true,"elapsedTime":1.3692,"trainingAccuracy":0.61346199999999995,"iterationCount":5,"validationAccuracy":0.45454499999999998},"isLast":false,"currentRowIndex":0,"count":5,"tableDone":false,"tableIndex":111,"percentComplete":0},{"icTrainingColumnHeader":{"hasValidation":true,"elapsedTime":1.5879700000000001,"trainingAccuracy":0.77307700000000001,"iterationCount":10,"validationAccuracy":0.60606099999999996},"isLast":false,"currentRowIndex":0,"count":10,"tableDone":true,"tableIndex":111,"percentComplete":0},{"currentRowIndex":0,"tableIndex":0,"count":15,"isLast":false,"percentComplete":0,"tableDone":false},{"currentRowIndex":0,"tableIndex":0,"count":20,"isLast":false,"percentComplete":0,"tableDone":false},{"currentRowIndex":0,"tableIndex":0,"count":25,"isLast":false,"percentComplete":0,"tableDone":false},{"currentRowIndex":0,"tableIndex":0,"count":30,"isLast":false,"percentComplete":0,"tableDone":false},{"currentRowIndex":0,"tableIndex":0,"count":35,"isLast":false,"percentComplete":0,"tableDone":false},{"currentRowIndex":0,"tableIndex":0,"count":40,"isLast":false,"percentComplete":0,"tableDone":false},{"currentRowIndex":0,"tableIndex":0,"count":45,"isLast":false,"percentComplete":0,"tableDone":false},{"currentRowIndex":0,"tableIndex":0,"count":50,"isLast":false,"percentComplete":0,"tableDone":false},{"currentRowIndex":0,"tableIndex":0,"count":55,"isLast":false,"percentComplete":0,"tableDone":false},{"currentRowIndex":0,"tableIndex":0,"count":60,"isLast":false,"percentComplete":0,"tableDone":false},{"currentRowIndex":0,"tableIndex":0,"count":65,"isLast":false,"percentComplete":0,"tableDone":false},{"currentRowIndex":0,"tableIndex":0,"count":70,"isLast":false,"percentComplete":0,"tableDone":false},{"currentRowIndex":0,"tableIndex":0,"count":75,"isLast":false,"percentComplete":0,"tableDone":false},{"currentRowIndex":0,"tableIndex":0,"count":80,"isLast":false,"percentComplete":0,"tableDone":false},{"currentRowIndex":0,"tableIndex":0,"count":85,"isLast":false,"percentComplete":0,"tableDone":false},{"currentRowIndex":0,"tableIndex":0,"count":90,"isLast":false,"percentComplete":0,"tableDone":false},{"currentRowIndex":0,"tableIndex":0,"count":95,"isLast":false,"percentComplete":0,"tableDone":false},{"currentRowIndex":0,"tableIndex":0,"count":100,"isLast":false,"percentComplete":0,"tableDone":false},{"currentRowIndex":0,"tableIndex":0,"count":105,"isLast":false,"percentComplete":0,"tableDone":false},{"currentRowIndex":0,"tableIndex":0,"count":110,"isLast":false,"percentComplete":0,"tableDone":false},{"currentRowIndex":0,"tableIndex":0,"count":115,"isLast":false,"percentComplete":0,"tableDone":false},{"currentRowIndex":0,"tableIndex":0,"count":120,"isLast":false,"percentComplete":0,"tableDone":false},{"currentRowIndex":0,"tableIndex":0,"count":125,"isLast":false,"percentComplete":0,"tableDone":false},{"currentRowIndex":0,"tableIndex":0,"count":130,"isLast":false,"percentComplete":0,"tableDone":false},{"currentRowIndex":0,"tableIndex":0,"count":135,"isLast":false,"percentComplete":0,"tableDone":false},{"currentRowIndex":0,"tableIndex":0,"count":140,"isLast":false,"percentComplete":0,"tableDone":false},{"currentRowIndex":0,"tableIndex":0,"count":145,"isLast":false,"percentComplete":0,"tableDone":false},{"currentRowIndex":0,"tableIndex":0,"count":150,"isLast":false,"percentComplete":0,"tableDone":false},{"currentRowIndex":0,"tableIndex":0,"count":155,"isLast":false,"percentComplete":0,"tableDone":false},{"currentRowIndex":0,"tableIndex":0,"count":160,"isLast":false,"percentComplete":0,"tableDone":false},{"currentRowIndex":0,"tableIndex":0,"count":165,"isLast":false,"percentComplete":0,"tableDone":false},{"currentRowIndex":0,"tableIndex":0,"count":170,"isLast":false,"percentComplete":0,"tableDone":false},{"currentRowIndex":0,"tableIndex":0,"count":175,"isLast":false,"percentComplete":0,"tableDone":false},{"currentRowIndex":0,"tableIndex":0,"count":180,"isLast":false,"percentComplete":0,"tableDone":false},{"currentRowIndex":0,"tableIndex":0,"count":185,"isLast":false,"percentComplete":0,"tableDone":false},{"currentRowIndex":0,"tableIndex":0,"count":190,"isLast":false,"percentComplete":0,"tableDone":false},{"currentRowIndex":0,"tableIndex":0,"count":195,"isLast":false,"percentComplete":0,"tableDone":false},{"currentRowIndex":0,"tableIndex":0,"count":200,"isLast":false,"percentComplete":0,"tableDone":false},{"currentRowIndex":0,"tableIndex":0,"count":205,"isLast":false,"percentComplete":0,"tableDone":false},{"currentRowIndex":0,"tableIndex":0,"count":210,"isLast":false,"percentComplete":0,"tableDone":false},{"currentRowIndex":0,"tableIndex":0,"count":215,"isLast":false,"percentComplete":0,"tableDone":false},{"currentRowIndex":0,"tableIndex":0,"count":220,"isLast":false,"percentComplete":0,"tableDone":false},{"currentRowIndex":0,"tableIndex":0,"count":225,"isLast":false,"percentComplete":0,"tableDone":false},{"currentRowIndex":0,"tableIndex":0,"count":230,"isLast":false,"percentComplete":0,"tableDone":false},{"currentRowIndex":0,"tableIndex":0,"count":235,"isLast":false,"percentComplete":0,"tableDone":false},{"currentRowIndex":0,"tableIndex":0,"count":240,"isLast":false,"percentComplete":0,"tableDone":false},{"currentRowIndex":0,"tableIndex":0,"count":245,"isLast":false,"percentComplete":0,"tableDone":false},{"currentRowIndex":0,"tableIndex":0,"count":250,"isLast":false,"percentComplete":0,"tableDone":false},{"currentRowIndex":0,"tableIndex":0,"count":255,"isLast":false,"percentComplete":0,"tableDone":false},{"currentRowIndex":0,"tableIndex":0,"count":260,"isLast":false,"percentComplete":0,"tableDone":false},{"currentRowIndex":0,"tableIndex":0,"count":265,"isLast":false,"percentComplete":0,"tableDone":false},{"currentRowIndex":0,"tableIndex":0,"count":270,"isLast":false,"percentComplete":0,"tableDone":false},{"currentRowIndex":0,"tableIndex":0,"count":275,"isLast":false,"percentComplete":0,"tableDone":false},{"currentRowIndex":0,"tableIndex":0,"count":280,"isLast":false,"percentComplete":0,"tableDone":false},{"currentRowIndex":0,"tableIndex":0,"count":285,"isLast":false,"percentComplete":0,"tableDone":false},{"currentRowIndex":0,"tableIndex":0,"count":290,"isLast":false,"percentComplete":0,"tableDone":false},{"currentRowIndex":0,"tableIndex":0,"count":295,"isLast":false,"percentComplete":0,"tableDone":false},{"currentRowIndex":0,"tableIndex":0,"count":300,"isLast":false,"percentComplete":0,"tableDone":false},{"currentRowIndex":0,"tableIndex":0,"count":305,"isLast":false,"percentComplete":0,"tableDone":false},{"currentRowIndex":0,"tableIndex":0,"count":310,"isLast":false,"percentComplete":0,"tableDone":false},{"currentRowIndex":0,"tableIndex":0,"count":315,"isLast":false,"percentComplete":0,"tableDone":false},{"currentRowIndex":0,"tableIndex":0,"count":320,"isLast":false,"percentComplete":0,"tableDone":false},{"currentRowIndex":0,"tableIndex":0,"count":325,"isLast":false,"percentComplete":0,"tableDone":false},{"currentRowIndex":0,"tableIndex":0,"count":330,"isLast":false,"percentComplete":0,"tableDone":false},{"currentRowIndex":0,"tableIndex":0,"count":335,"isLast":false,"percentComplete":0,"tableDone":false},{"currentRowIndex":0,"tableIndex":0,"count":340,"isLast":false,"percentComplete":0,"tableDone":false},{"currentRowIndex":0,"tableIndex":0,"count":345,"isLast":false,"percentComplete":0,"tableDone":false},{"currentRowIndex":0,"tableIndex":0,"count":350,"isLast":false,"percentComplete":0,"tableDone":false},{"currentRowIndex":0,"tableIndex":0,"count":355,"isLast":false,"percentComplete":0,"tableDone":false},{"currentRowIndex":0,"tableIndex":0,"count":360,"isLast":false,"percentComplete":0,"tableDone":false},{"currentRowIndex":0,"tableIndex":0,"count":365,"isLast":false,"percentComplete":0,"tableDone":false},{"currentRowIndex":0,"tableIndex":0,"count":370,"isLast":false,"percentComplete":0,"tableDone":false},{"currentRowIndex":0,"tableIndex":0,"count":375,"isLast":false,"percentComplete":0,"tableDone":false},{"currentRowIndex":0,"tableIndex":0,"count":380,"isLast":false,"percentComplete":0,"tableDone":false},{"currentRowIndex":0,"tableIndex":0,"count":385,"isLast":false,"percentComplete":0,"tableDone":false},{"currentRowIndex":0,"tableIndex":0,"count":390,"isLast":false,"percentComplete":0,"tableDone":false},{"currentRowIndex":0,"tableIndex":0,"count":395,"isLast":false,"percentComplete":0,"tableDone":false},{"currentRowIndex":0,"tableIndex":0,"count":400,"isLast":false,"percentComplete":0,"tableDone":false},{"currentRowIndex":0,"tableIndex":0,"count":405,"isLast":false,"percentComplete":0,"tableDone":false},{"currentRowIndex":0,"tableIndex":0,"count":410,"isLast":false,"percentComplete":0,"tableDone":false},{"currentRowIndex":0,"tableIndex":0,"count":415,"isLast":false,"percentComplete":0,"tableDone":false},{"currentRowIndex":0,"tableIndex":0,"count":420,"isLast":false,"percentComplete":0,"tableDone":false},{"currentRowIndex":0,"tableIndex":0,"count":425,"isLast":false,"percentComplete":0,"tableDone":false},{"currentRowIndex":0,"tableIndex":0,"count":430,"isLast":false,"percentComplete":0,"tableDone":false},{"currentRowIndex":0,"tableIndex":0,"count":435,"isLast":false,"percentComplete":0,"tableDone":false},{"currentRowIndex":0,"tableIndex":0,"count":440,"isLast":false,"percentComplete":0,"tableDone":false},{"currentRowIndex":0,"tableIndex":0,"count":445,"isLast":false,"percentComplete":0,"tableDone":false},{"currentRowIndex":0,"tableIndex":0,"count":450,"isLast":false,"percentComplete":0,"tableDone":false},{"currentRowIndex":0,"tableIndex":0,"count":455,"isLast":false,"percentComplete":0,"tableDone":false},{"currentRowIndex":0,"tableIndex":0,"count":460,"isLast":false,"percentComplete":0,"tableDone":false},{"currentRowIndex":0,"tableIndex":0,"count":465,"isLast":false,"percentComplete":0,"tableDone":false},{"currentRowIndex":0,"tableIndex":0,"count":470,"isLast":false,"percentComplete":0,"tableDone":false},{"currentRowIndex":0,"tableIndex":0,"count":475,"isLast":false,"percentComplete":0,"tableDone":false},{"currentRowIndex":0,"tableIndex":0,"count":480,"isLast":false,"percentComplete":0,"tableDone":false},{"currentRowIndex":0,"tableIndex":0,"count":485,"isLast":false,"percentComplete":0,"tableDone":false},{"currentRowIndex":0,"tableIndex":0,"count":490,"isLast":false,"percentComplete":0,"tableDone":false},{"currentRowIndex":0,"tableIndex":0,"count":495,"isLast":false,"percentComplete":0,"tableDone":false},{"currentRowIndex":0,"tableIndex":0,"count":500,"isLast":false,"percentComplete":0,"tableDone":false},{"currentRowIndex":0,"tableIndex":0,"count":505,"isLast":false,"percentComplete":0,"tableDone":false},{"currentRowIndex":0,"tableIndex":0,"count":510,"isLast":false,"percentComplete":0,"tableDone":false},{"currentRowIndex":0,"tableIndex":0,"count":515,"isLast":false,"percentComplete":0,"tableDone":false},{"currentRowIndex":0,"tableIndex":0,"count":520,"isLast":false,"percentComplete":0,"tableDone":false},{"currentRowIndex":0,"tableIndex":0,"count":525,"isLast":false,"percentComplete":0,"tableDone":false},{"currentRowIndex":0,"tableIndex":0,"count":530,"isLast":false,"percentComplete":0,"tableDone":false},{"currentRowIndex":0,"tableIndex":0,"count":535,"isLast":false,"percentComplete":0,"tableDone":false},{"currentRowIndex":0,"tableIndex":0,"count":540,"isLast":false,"percentComplete":0,"tableDone":false},{"currentRowIndex":0,"tableIndex":0,"count":545,"isLast":false,"percentComplete":0,"tableDone":false},{"currentRowIndex":0,"tableIndex":0,"count":550,"isLast":false,"percentComplete":0,"tableDone":false},{"currentRowIndex":0,"tableIndex":0,"count":553,"isLast":false,"percentComplete":0,"tableDone":true}],"trainingAccuracy":0.77307692307692311,"checkpointMetrics":{},"analysedDataType":"none","dataSourceID":"175EA270-1C8D-4215-8862-504B57009F77","snapshottableCheckpoints":{},"validationAccuracy":0.60606060606060608,"startTime":"2021-05-16T15:22:30Z"},"createdDate":"2021-05-16T15:21:02Z","snapshotRole":{"withoutSnapshots":0},"evaluationEntities":[],"activityEntities":["experimentCreated",[{"id":"F291E60C-FCE7-44DD-AA18-ECF17F09749B","title":"Model Source Created","createdDate":"2021-05-16T15:21:02Z","event":"experimentCreated","subtitle":"ChessClassifier 1"}],"trainingFinished",[{"id":"7AAFD5C9-4B31-4C3A-BB87-1E4F82000428","title":"Training Completed","createdDate":"2021-05-16T15:23:24Z","event":"trainingFinished","subtitle":"Model converged at 10 iterations"}],"trainingStarted",[{"id":"7B9502FE-C868-474F-B0D0-C86E7480A6BB","title":"Training Started","createdDate":"2021-05-16T15:22:30Z","event":"trainingStarted","subtitle":"25 iterations"}],"trainingDataAdded",[{"id":"E98076F4-5F36-411C-A982-492E5DFC2844","title":"Training Data Added","createdDate":"2021-05-16T15:22:10Z","event":"trainingDataAdded","subtitle":"Chess"}]],"title":"ChessClassifier 1","evaluationEntity":{"id":"16f7df5c-21d3-4b3a-9898-0ebb72cab78d","analysedDataType":"none","dataResult":{}},"evaluationState":"uninitialized","contentDataResult":{},"modifiedDate":"2021-05-16T15:23:24Z","preferredFilename":"ChessClassifier 1"}